{
  "common_random_disorder_across_p": true,
  "crossing_window": null,
  "data_error_probability_list": [
    0.085,
    0.0875,
    0.09,
    0.0925,
    0.095,
    0.0975,
    0.1,
    0.1025,
    0.105,
    0.1075,
    0.11
  ],
  "gap_plot_path": "/home/DATA1/users/yuany/.single_shot/runs/measurement_noise_threshold_search_20260421_104427/q_0p0025/scan_result_multi_L_q0p0025_measurement_noise_threshold_search_common_random_gap_crossing.png",
  "input_path": "/home/DATA1/users/yuany/.single_shot/runs/measurement_noise_threshold_search_20260421_104427/q_0p0025/scan_result_multi_L_q0p0025_measurement_noise_threshold_search_common_random.npz",
  "lattice_size_list": [
    3,
    5,
    7
  ],
  "num_disorder_samples": 2048,
  "pairwise_gap_analysis": {
    "delta_35": {
      "crossing_intervals": [],
      "crossing_location_classification": "left_of_window",
      "delta_curve": [
        0.0064385681152343555,
        0.00483402913411457,
        0.02328893432617196,
        0.021064335123697875,
        0.024383756510416688,
        0.01951609700520829,
        0.029369567871093794,
        0.028433046468098855,
        0.03061649169921865,
        0.051255568440755406,
        0.035816638183593597
      ],
      "min_abs_delta_index": 1,
      "min_abs_delta_p": 0.0875,
      "min_abs_delta_value": 0.00483402913411457,
      "pair_label": "3-5",
      "pooled_ci95_curve": [
        0.014404385078258348,
        0.014660514069693426,
        0.014716310953926882,
        0.015212055453878203,
        0.015029621327008327,
        0.015552639880004777,
        0.01577197238432223,
        0.015874644116636225,
        0.016055093792036002,
        0.016283898485480446,
        0.01670661245695392
      ],
      "pooled_sem_at_min_abs": 0.007479854117190524,
      "pooled_sem_curve": [
        0.007349176060335892,
        0.007479854117190524,
        0.007508321915268817,
        0.00776125278259092,
        0.00766817414643282,
        0.007935020346941213,
        0.008046924685878688,
        0.008099308222773584,
        0.008191374383691838,
        0.008308111472183901,
        0.008523781865792815
      ],
      "secondary_proximity_hit": true,
      "sign_flip_detected": false,
      "sign_pattern": [
        1,
        1,
        1,
        1,
        1,
        1,
        1,
        1,
        1,
        1,
        1
      ]
    },
    "delta_57": {
      "crossing_intervals": [],
      "crossing_location_classification": "left_of_window",
      "delta_curve": [
        0.01846384277343749,
        0.02375875447591147,
        0.019373732503255137,
        0.027493157958984327,
        0.04071531168619791,
        0.04038054809570313,
        0.033363981119791664,
        0.03250047607421891,
        0.037082342529296985,
        0.03994891357421859,
        0.04259870198567717
      ],
      "min_abs_delta_index": 0,
      "min_abs_delta_p": 0.085,
      "min_abs_delta_value": 0.01846384277343749,
      "pair_label": "5-7",
      "pooled_ci95_curve": [
        0.015330418772213064,
        0.01573531662354591,
        0.01610186614180791,
        0.01670680966329902,
        0.016924125763829855,
        0.0172423751206888,
        0.0175151426037577,
        0.017539124060580034,
        0.01789130790228436,
        0.018415530859662865,
        0.01854395902332503
      ],
      "pooled_sem_at_min_abs": 0.007821642230720951,
      "pooled_sem_curve": [
        0.007821642230720951,
        0.00802822276711526,
        0.008215237827453014,
        0.00852388248127501,
        0.008634758042770335,
        0.008797130163616735,
        0.008936297246815154,
        0.008948532683969406,
        0.009128218317492021,
        0.009395679010032075,
        0.009461203583329098
      ],
      "secondary_proximity_hit": false,
      "sign_flip_detected": false,
      "sign_pattern": [
        1,
        1,
        1,
        1,
        1,
        1,
        1,
        1,
        1,
        1,
        1
      ]
    }
  },
  "primary_crossing_window_hit": false,
  "q_top_ci95_curve_matrix": [
    [
      0.009863872688632506,
      0.010058435605714252,
      0.009740796785980653,
      0.01015438662048102,
      0.009983364612503324,
      0.010406920680964904,
      0.010482675425309708,
      0.010619033186166044,
      0.010602342764728392,
      0.010490161456663405,
      0.011094327166870557
    ],
    [
      0.010497157951807789,
      0.010665765136800018,
      0.011031168844093418,
      0.011326741080013332,
      0.011234854171153264,
      0.011557707782134826,
      0.011784253426476828,
      0.011800019492397345,
      0.01205638273157768,
      0.012454792752132245,
      0.012491068989533515
    ],
    [
      0.011172797978403674,
      0.011568994912690624,
      0.011729595354563709,
      0.012280978203385912,
      0.01265717522288641,
      0.01279526829047864,
      0.012958070520356697,
      0.012976147840998889,
      0.01321902166894579,
      0.013565025408919419,
      0.013705896970190316
    ]
  ],
  "q_top_curve_matrix": [
    [
      0.8891663859049479,
      0.8820642537434896,
      0.891767812093099,
      0.8819606791178385,
      0.8840918395996094,
      0.872292598470052,
      0.8727033203125,
      0.868522969563802,
      0.8652651306152344,
      0.8684527099609376,
      0.8549781026204426
    ],
    [
      0.8827278177897135,
      0.877230224609375,
      0.868478877766927,
      0.8608963439941406,
      0.8597080830891927,
      0.8527765014648437,
      0.8433337524414062,
      0.8400899230957032,
      0.8346486389160157,
      0.8171971415201822,
      0.819161464436849
    ],
    [
      0.864263975016276,
      0.8534714701334636,
      0.8491051452636719,
      0.8334031860351563,
      0.8189927714029948,
      0.8123959533691406,
      0.8099697713216145,
      0.8075894470214843,
      0.7975662963867187,
      0.7772482279459636,
      0.7765627624511718
    ]
  ],
  "q_top_sem_curve_matrix": [
    [
      0.005032588106445157,
      0.005131854900874619,
      0.004969794278561558,
      0.005180809500245419,
      0.005093553373726186,
      0.0053096534086555635,
      0.00534830378842332,
      0.005417874074574513,
      0.005409358553432854,
      0.005352123192175207,
      0.005660371003505386
    ],
    [
      0.005355692832554994,
      0.0054417169065306215,
      0.005628147369435417,
      0.005778949530619047,
      0.005732068454670032,
      0.005896789684762666,
      0.0060123741971820546,
      0.006020418108365993,
      0.0061512156793763675,
      0.006354486098026656,
      0.006372994382415059
    ],
    [
      0.00570040713183861,
      0.005902548424842155,
      0.00598448742579781,
      0.006265805205809139,
      0.006457742460656332,
      0.006528198107387061,
      0.006611260469569743,
      0.006620483592346372,
      0.006744398810686628,
      0.006920931331081336,
      0.006992804576627712
    ]
  ],
  "recommended_server_window": {
    "p_max": 0.0875,
    "p_min": 0.0625,
    "reason": "both_pairwise_gaps_positive_shift_left",
    "step_reference": 0.0025000000000000022
  },
  "secondary_proximity_hit": true,
  "sem95_plot_path": "/home/DATA1/users/yuany/.single_shot/runs/measurement_noise_threshold_search_20260421_104427/q_0p0025/scan_result_multi_L_q0p0025_measurement_noise_threshold_search_common_random_sem95.png",
  "summary_path": "/home/DATA1/users/yuany/.single_shot/runs/measurement_noise_threshold_search_20260421_104427/q_0p0025/threshold_summary.json",
  "syndrome_error_probability": 0.0025
}