{
  "common_random_disorder_across_p": true,
  "crossing_window": null,
  "data_error_probability_list": [
    0.045,
    0.0475,
    0.05,
    0.0525,
    0.055,
    0.0575,
    0.06,
    0.0625,
    0.065,
    0.0675,
    0.07,
    0.0725,
    0.075,
    0.0775,
    0.08
  ],
  "gap_plot_path": "/home/DATA1/users/yuany/.single_shot/runs/measurement_noise_threshold_search_20260421_104427/q_0p0150/scan_result_multi_L_q0p0150_measurement_noise_threshold_search_common_random_gap_crossing.png",
  "input_path": "/home/DATA1/users/yuany/.single_shot/runs/measurement_noise_threshold_search_20260421_104427/q_0p0150/scan_result_multi_L_q0p0150_measurement_noise_threshold_search_common_random.npz",
  "lattice_size_list": [
    3,
    5,
    7
  ],
  "num_disorder_samples": 2048,
  "pairwise_gap_analysis": {
    "delta_35": {
      "crossing_intervals": [],
      "crossing_location_classification": "left_of_window",
      "delta_curve": [
        0.028215102132161385,
        0.02735173746744779,
        0.02866722005208333,
        0.0255749918619792,
        0.03133454182942719,
        0.0330069152832031,
        0.031183557128906303,
        0.03645019124348958,
        0.02860615844726555,
        0.03281570027669267,
        0.03289501546223961,
        0.03728230387369791,
        0.04596685180664073,
        0.05316118570963535,
        0.04836787719726565
      ],
      "min_abs_delta_index": 3,
      "min_abs_delta_p": 0.0525,
      "min_abs_delta_value": 0.0255749918619792,
      "pair_label": "3-5",
      "pooled_ci95_curve": [
        0.013312937034262565,
        0.01380032668499466,
        0.014319971249150487,
        0.01466949045215738,
        0.014948886700497712,
        0.015293667924627613,
        0.015794912220477436,
        0.01623025502239931,
        0.016496332304933525,
        0.016774721191063,
        0.01719403606211297,
        0.01738079380039227,
        0.017662010664765845,
        0.01779325936501197,
        0.018118041192367398
      ],
      "pooled_sem_at_min_abs": 0.007484433904161929,
      "pooled_sem_curve": [
        0.006792314813399268,
        0.0070409830025482956,
        0.00730610778017882,
        0.007484433904161929,
        0.007626983010458016,
        0.007802891798279394,
        0.00805862868391706,
        0.008280742358366995,
        0.008416496073945677,
        0.008558531219930103,
        0.008772467378629066,
        0.008867751938975647,
        0.009011229931002982,
        0.009078193553577536,
        0.009243898567534386
      ],
      "secondary_proximity_hit": false,
      "sign_flip_detected": false,
      "sign_pattern": [
        1,
        1,
        1,
        1,
        1,
        1,
        1,
        1,
        1,
        1,
        1,
        1,
        1,
        1,
        1
      ]
    },
    "delta_57": {
      "crossing_intervals": [],
      "crossing_location_classification": "left_of_window",
      "delta_curve": [
        0.04597125244140632,
        0.047708585611979215,
        0.04954327189127605,
        0.05344423828124989,
        0.05488276774088541,
        0.05603959757486976,
        0.05989861246744799,
        0.06278325805664065,
        0.06768030802408853,
        0.06968797810872396,
        0.06990339558919267,
        0.07146234537760421,
        0.069384932454427,
        0.06552580769856764,
        0.07029962158203129
      ],
      "min_abs_delta_index": 0,
      "min_abs_delta_p": 0.045,
      "min_abs_delta_value": 0.04597125244140632,
      "pair_label": "5-7",
      "pooled_ci95_curve": [
        0.01508934314581005,
        0.015611330427932746,
        0.016058042658687745,
        0.01641637811990483,
        0.016739982314882225,
        0.017154675225276042,
        0.017507224678632558,
        0.017825085358899505,
        0.018105576958769878,
        0.0182898009842822,
        0.018659462291754494,
        0.018874055358993672,
        0.01906749398350314,
        0.019055580204402192,
        0.01925187901966698
      ],
      "pooled_sem_at_min_abs": 0.007698644462147985,
      "pooled_sem_curve": [
        0.007698644462147985,
        0.00796496450404732,
        0.008192878907493747,
        0.008375703122400425,
        0.008540807303511339,
        0.00875238531901839,
        0.008932257489098244,
        0.009094431305560972,
        0.00923753926467851,
        0.009331531114429694,
        0.009520133822323721,
        0.009629620081119221,
        0.009728313256889358,
        0.009722234798164383,
        0.009822387254932133
      ],
      "secondary_proximity_hit": false,
      "sign_flip_detected": false,
      "sign_pattern": [
        1,
        1,
        1,
        1,
        1,
        1,
        1,
        1,
        1,
        1,
        1,
        1,
        1,
        1,
        1
      ]
    }
  },
  "primary_crossing_window_hit": false,
  "q_top_ci95_curve_matrix": [
    [
      0.008470059673970253,
      0.008852741914588564,
      0.009099894821816718,
      0.009481388489738,
      0.009647255699921973,
      0.009907896835058449,
      0.010273104741738402,
      0.010596801146943658,
      0.010776444372248357,
      0.011018934161542142,
      0.011345694712129544,
      0.011433478119801834,
      0.011566276794341515,
      0.011748308099620007,
      0.012069243446162321
    ],
    [
      0.010270948427366514,
      0.010586688679953826,
      0.011056830052432291,
      0.011193624186678786,
      0.011419267535382482,
      0.011650315828106217,
      0.011997606887119594,
      0.012293452873145594,
      0.012489884955700359,
      0.012648097128876648,
      0.012919368699917073,
      0.013090743722790047,
      0.013347953470063472,
      0.01336328311557415,
      0.013512837573418457
    ],
    [
      0.011054225209139809,
      0.011473258496339924,
      0.011645052306446095,
      0.012008340773940824,
      0.0122403977410021,
      0.012591783955821247,
      0.012749915487181135,
      0.012907543705438377,
      0.013107810297807507,
      0.013211451815116777,
      0.013463485633854662,
      0.013596411088172894,
      0.013616220656700193,
      0.013584469121000477,
      0.013712697273049673
    ]
  ],
  "q_top_curve_matrix": [
    [
      0.8605249979654948,
      0.8459001932779947,
      0.832978358968099,
      0.8188938517252604,
      0.8121613444010417,
      0.7990887166341145,
      0.7840489969889324,
      0.7745603230794271,
      0.7566242960611979,
      0.7436401407877604,
      0.7264983215332032,
      0.7127747538248698,
      0.7037645345052084,
      0.691507177734375,
      0.670411590576172
    ],
    [
      0.8323098958333334,
      0.8185484558105469,
      0.8043111389160157,
      0.7933188598632812,
      0.7808268025716145,
      0.7660818013509114,
      0.7528654398600261,
      0.7381101318359375,
      0.7280181376139323,
      0.7108244405110677,
      0.6936033060709635,
      0.6754924499511719,
      0.6577976826985676,
      0.6383459920247396,
      0.6220437133789063
    ],
    [
      0.786338643391927,
      0.7708398701985677,
      0.7547678670247396,
      0.7398746215820313,
      0.7259440348307291,
      0.7100422037760417,
      0.6929668273925781,
      0.6753268737792969,
      0.6603378295898438,
      0.6411364624023438,
      0.6236999104817709,
      0.6040301045735676,
      0.5884127502441406,
      0.572820184326172,
      0.551744091796875
    ]
  ],