{
  "average_acceptance_rate_curve_matrix": [
    [
      0.0,
      1.1309086651552407e-05,
      6.6524039126778845e-06,
      1.6631009781694715e-05,
      9.645985673382934e-06,
      2.2285553107470917e-05,
      2.32834136943726e-05,
      3.425988015029111e-05,
      4.2575385041138464e-05,
      5.521495247522645e-05,
      6.918500069185002e-05
    ],
    [
      0.0,
      2.024383291873963e-06,
      2.4967393933112217e-06,
      2.0243832918739636e-06,
      3.846328254560531e-06,
      4.791040457435047e-06,
      1.1404025877556662e-05,
      1.4777998030679934e-05,
      2.0581230134051964e-05,
      2.982591383360973e-05,
      4.5683582953289105e-05
    ],
    [
      0.0,
      8.394044034035797e-07,
      8.394044034035797e-07,
      4.663357796686554e-07,
      2.07053086172883e-06,
      3.30165732005408e-06,
      5.651989649584103e-06,
      9.009607263198422e-06,
      1.4605636619222286e-05,
      2.2104315956294264e-05,
      3.3538869273769695e-05
    ]
  ],
  "code_family": "3d_toric",
  "created_at": "2026-04-23T23:02:33+08:00",
  "disorder_description": "all-zero disorder, num_disorder_samples = 1, no disorder averaging",
  "disorder_mode": "all_zero_single_sample",
  "effective_num_burn_in_sweeps_list": [
    2700,
    6400,
    12500
  ],
  "fixed_p": 0.005,
  "fixed_q": null,
  "lattice_size_list": [
    3,
    4,
    5
  ],
  "max_r_hat_curve_matrix": [
    [
      NaN,
      1.0,
      1.0,
      1.0,
      1.0,
      1.0,
      1.0,
      1.0,
      1.0,
      1.0,
      1.0
    ],
    [
      NaN,
      1.0,
      1.0,
      1.0,
      1.0,
      1.0,
      1.0,
      1.0,
      1.0,
      1.0,
      1.0
    ],
    [
      NaN,
      1.0,
      1.0,
      1.0,
      1.0,
      1.0,
      1.0,
      1.0,
      1.0,
      1.0,
      1.0
    ]
  ],
  "min_effective_sample_size_curve_matrix": [
    [
      NaN,
      128.0,
      128.0,
      128.0,
      128.0,
      128.0,
      128.0,
      128.0,
      128.0,
      128.0,
      128.0
    ],
    [
      NaN,
      128.0,
      128.0,
      128.0,
      128.0,
      128.0,
      128.0,
      128.0,
      128.0,
      128.0,
      128.0
    ],
    [
      NaN,
      128.0,
      128.0,
      128.0,
      128.0,
      128.0,
      128.0,
      128.0,
      128.0,
      128.0,
      128.0
    ]
  ],
  "num_burn_in_sweeps_base": 600,
  "num_disorder_samples": 1,
  "num_logical_qubits_list": [
    3,
    3,
    3
  ],
  "num_measurements_per_point": 128,
  "num_qubits_list": [
    81,
    192,
    375
  ],
  "num_replicas_per_start": 1,
  "num_start_chains": 8,
  "num_sweeps_between_measurements": 4,
  "pt_num_temperatures": 7,
  "pt_p_hot": 0.44,
  "pt_swap_attempt_every_num_sweeps": 1,
  "q0_m_u_spread_linf_curve_matrix": [
    [
      0.0,
      NaN,
      NaN,
      NaN,
      NaN,
      NaN,
      NaN,
      NaN,
      NaN,
      NaN,
      NaN
    ],
    [
      0.0,
      NaN,
      NaN,
      NaN,
      NaN,
      NaN,
      NaN,
      NaN,
      NaN,
      NaN,
      NaN
    ],
    [
      0.0,
      NaN,
      NaN,
      NaN,
      NaN,
      NaN,
      NaN,
      NaN,
      NaN,
      NaN,
      NaN
    ]
  ],
  "q0_num_start_chains": 8,
  "q0_q_top_spread_curve_matrix": [
    [
      0.0,
      NaN,
      NaN,
      NaN,
      NaN,
      NaN,
      NaN,
      NaN,
      NaN,
      NaN,
      NaN
    ],
    [
      0.0,
      NaN,
      NaN,
      NaN,
      NaN,
      NaN,
      NaN,
      NaN,
      NaN,
      NaN,
      NaN
    ],
    [
      0.0,
      NaN,
      NaN,
      NaN,
      NaN,
      NaN,
      NaN,
      NaN,
      NaN,
      NaN,
      NaN
    ]
  ],
  "q_top_curve_matrix": [
    [
      1.0,
      1.0,
      1.0,
      1.0,
      1.0,
      1.0,
      1.0,
      1.0,
      0.9977700369698661,
      1.0,
      1.0
    ],
    [
      1.0,
      1.0,
      1.0,
      1.0,
      1.0,
      1.0,
      1.0,
      1.0,
      1.0,
      1.0,
      1.0
    ],
    [
      1.0,
      1.0,
      1.0,
      1.0,
      1.0,
      1.0,
      1.0,
      1.0,
      1.0,
      1.0,
      0.9977700369698661
    ]
  ],
  "q_top_spread_curve_matrix": [
    [
      NaN,
      0.0,
      0.0,
      0.0,
      0.0,
      0.0,
      0.0,
      0.0,
      0.017717633928571397,
      0.0,
      0.0
    ],
    [
      NaN,
      0.0,
      0.0,
      0.0,
      0.0,
      0.0,
      0.0,
      0.0,
      0.0,
      0.0,
      0.0
    ],
    [
      NaN,
      0.0,
      0.0,
      0.0,
      0.0,
      0.0,
      0.0,
      0.0,
      0.0,
      0.0,
      0.017717633928571397
    ]
  ],
  "scan_kind": "fixed-p-scan",
  "x_axis_name": "syndrome_error_probability",
  "x_axis_values": [
    0.0,
    0.02,
    0.04,
    0.06,
    0.08,
    0.1,
    0.12,
    0.14,
    0.16,
    0.18,
    0.2
  ]
}