{
  "crossings": {
    "L3_minus_L4": [
      0.19288108586182065
    ],
    "L4_minus_L5": [],
    "L5_minus_L6": []
  },
  "gap_sign_convention": "Lsmall_minus_Llarge; negative means larger code has higher q_top and is better.",
  "l6_diagnostics": {
    "max_r_hat_max": 1.3481867570748265,
    "mean_pt_min_swap_acceptance_curve": [
      0.031683346415489276,
      0.04832221350078493,
      0.06772423178673177,
      0.08935612172219315,
      0.11247837810337809
    ],
    "mean_pt_min_swap_acceptance_min": 0.031683346415489276,
    "mean_q_top_spread_curve": [
      0.09823669706072126,
      0.10822933439224486,
      0.09985111440931048,
      0.08548839508541047,
      0.06206368264697845
    ],
    "mean_q_top_spread_max": 0.10822933439224486,
    "min_effective_sample_size_min": 4.54034998976292
  },
  "lattice_size_list": [
    3,
    4,
    5,
    6
  ],
  "num_disorder_samples_by_size": {
    "L3": 288,
    "L4": 288,
    "L5": 288,
    "L6": 288
  },
  "p_grid": [
    0.18,
    0.19,
    0.2,
    0.21,
    0.22
  ],
  "paths": {
    "gap_plot": "data/3d_toric_code/with_measurement_noise/exp23_q050_L3456_p018_022_combined_summary/q050_L3456_pooled_gap_ci95.png",
    "sem95_plot": "data/3d_toric_code/with_measurement_noise/exp23_q050_L3456_p018_022_combined_summary/q050_L3456_pooled_sem95.png",
    "summary_json": "data/3d_toric_code/with_measurement_noise/exp23_q050_L3456_p018_022_combined_summary/q050_L3456_pooled_summary.json"
  },
  "physical_direction_rule": "For p<threshold, larger L should have larger q_top; for p>threshold, larger L should have smaller q_top.",
  "right_edge_gap_signs": {
    "L3_minus_L4": 1,
    "L4_minus_L5": -1,
    "L5_minus_L6": 1
  },
  "rows": [
    {
      "gaps": {
        "L3_minus_L4": {
          "ci95": 0.048072887444653135,
          "delta": -0.04143100601458366
        },
        "L4_minus_L5": {
          "ci95": 0.048841377879257346,
          "delta": -0.09416858860779365
        },
        "L5_minus_L6": {
          "ci95": 0.04987007811704125,
          "delta": 0.04416285632621675
        }
      },
      "p": 0.18,
      "q_top": {
        "L3": 0.43258937176257845,
        "L4": 0.4740203777771621,
        "L5": 0.5681889663849558,
        "L6": 0.524026110058739
      },
      "q_top_ci95": {
        "L3": 0.03383173476717374,
        "L4": 0.03415283633770256,
        "L5": 0.034915096494704305,
        "L6": 0.03560843619376291
      }
    },
    {
      "gaps": {
        "L3_minus_L4": {
          "ci95": 0.044462116797082354,
          "delta": -0.005162209804568996
        },
        "L4_minus_L5": {
          "ci95": 0.04795448543394402,
          "delta": -0.0827326514122505
        },
        "L5_minus_L6": {
          "ci95": 0.04946791152224265,
          "delta": 0.025028493994521728
        }
      },
      "p": 0.19,
      "q_top": {
        "L3": 0.3684383372051848,
        "L4": 0.3736005470097538,
        "L5": 0.4563331984220043,
        "L6": 0.4313047044274826
      },
      "q_top_ci95": {
        "L3": 0.03068053915572041,
        "L4": 0.03218049637888919,
        "L5": 0.03555345730083995,
        "L6": 0.03439514419696154
      }
    },
    {
      "gaps": {
        "L3_minus_L4": {
          "ci95": 0.0398002943715621,
          "delta": 0.012755374231981809
        },
        "L4_minus_L5": {
          "ci95": 0.04409366765497378,
          "delta": -0.057192654807179666
        },
        "L5_minus_L6": {
          "ci95": 0.04566193137271765,
          "delta": 0.004331175829209943
        }
      },
      "p": 0.2,
      "q_top": {
        "L3": 0.29927945479987156,
        "L4": 0.28652408056788975,
        "L5": 0.3437167353750694,
        "L6": 0.33938555954585947
      },
      "q_top_ci95": {
        "L3": 0.026798361838698676,
        "L4": 0.029426369718760354,
        "L5": 0.032838092095036596,
        "L6": 0.031728089829749784
      }
    },
    {
      "gaps": {
        "L3_minus_L4": {
          "ci95": 0.03322587764185941,
          "delta": 0.017881116253279483
        },
        "L4_minus_L5": {
          "ci95": 0.0362583001716474,
          "delta": -0.03561319990290532
        },
        "L5_minus_L6": {
          "ci95": 0.03730312859649318,
          "delta": 0.028228524392322846
        }
      },
      "p": 0.21,
      "q_top": {
        "L3": 0.2319790230738738,
        "L4": 0.21409790682059432,
        "L5": 0.24971110672349964,
        "L6": 0.2214825823311768
      },
      "q_top_ci95": {
        "L3": 0.023109011849624488,
        "L4": 0.023873259442433247,
        "L5": 0.027289774915369998,
        "L6": 0.025432097596441973
      }
    },
    {
      "gaps": {
        "L3_minus_L4": {
          "ci95": 0.027400661635230115,
          "delta": 0.03210902861541229
        },
        "L4_minus_L5": {
          "ci95": 0.028433227396652064,
          "delta": -0.009231042619498947
        },
        "L5_minus_L6": {
          "ci95": 0.028093546361804497,
          "delta": 0.027764363273505205
        }
      },
      "p": 0.22,
      "q_top": {
        "L3": 0.186075420606704,
        "L4": 0.15396639199129172,
        "L5": 0.16319743461079067,
        "L6": 0.13543307133728547
      },
      "q_top_ci95": {
        "L3": 0.019939247323148383,
        "L4": 0.018794219170657003,
        "L5": 0.021336019918322027,
        "L6": 0.018276257856241367
      }
    }
  ],
  "sources": {
    "L3_L4_L5_pooled_npz": "data/3d_toric_code/with_measurement_noise/exp21_q050_heavy_p018_022_combined_summary/q050_heavy_pooled_scan_result.npz",
    "L6_npz": [
      "data/3d_toric_code/with_measurement_noise/exp22a_q050_L6_p018_022_20260425_nd1/q_0p0500_L6/scan_result_L6_3d_toric_q0p0500_p018_022.npz",
      "data/3d_toric_code/with_measurement_noise/exp22b_q050_L6_p018_022_20260425_nd2/q_0p0500_L6/scan_result_L6_3d_toric_q0p0500_p018_022.npz",
      "data/3d_toric_code/with_measurement_noise/exp22c_q050_L6_p018_022_20260425_nd3/q_0p0500_L6/scan_result_L6_3d_toric_q0p0500_p018_022.npz"
    ]
  }
}