{
  "num_disorder_samples_per_q": 1152,
  "p_grid": [
    0.18,
    0.185,
    0.19,
    0.195,
    0.2,
    0.205,
    0.21,
    0.215,
    0.22
  ],
  "physical_direction_rule": "For p<threshold, larger L should have larger q_top; for p>threshold, larger L should have smaller q_top.",
  "q0p0500_exp21_exp24_shared_p": {
    "combined_gap34": [
      -0.05999298804690911,
      -0.03440068365917309,
      -0.01730388185334586,
      0.0002044406261236531,
      0.014752253062195242
    ],
    "combined_gap45": [
      -0.04744827189142742,
      -0.0418816943431185,
      -0.017253111208242078,
      0.00510006038442487,
      0.015068108529325525
    ],
    "combined_q_top_ci95_curve_matrix": [
      [
        0.01472429668109647,
        0.013795900282896196,
        0.012466104126415651,
        0.011151223362476514,
        0.009581990452245805
      ],
      [
        0.016001147885759057,
        0.015233487594080336,
        0.014059378626538367,
        0.01238942483619371,
        0.010352909259196654
      ],
      [
        0.015802510063871945,
        0.01593985234209001,
        0.014653361405586547,
        0.01246792379922015,
        0.010059805788369324
      ]
    ],
    "combined_q_top_curve_matrix": [
      [
        0.438040012954956,
        0.36657574995760883,
        0.30310000489273714,
        0.24778769098458783,
        0.195170674538092
      ],
      [
        0.4980330010018651,
        0.4009764336167819,
        0.320403886746083,
        0.24758325035846418,
        0.18041842147589676
      ],
      [
        0.5454812728932925,
        0.4428581279599004,
        0.3376569979543251,
        0.2424831899740393,
        0.16535031294657124
      ]
    ],
    "num_disorder_combined": 1440,
    "num_disorder_exp21": 288,
    "num_disorder_exp24": 1152,
    "p_grid": [
      0.18,
      0.19,
      0.2,
      0.21,
      0.22
    ],
    "plot_path": "data/3d_toric_code/with_measurement_noise/exp25_q001_q050_q100_p018_022_dense_combined_summary/q0p0500_exp21_exp24_shared_p_overlay.png"
  },
  "rows": [
    {
      "convergence_passed_points": 0,
      "convergence_total_points": 27,
      "diagnostics_by_L": {
        "L3": {
          "failed_points": 9,
          "max_r_hat_max": 1.249051640791071,
          "mean_pt_min_swap_acceptance_rate_min": 0.4428220072751323,
          "mean_q_top_spread_max": 0.02891211566470918,
          "min_effective_sample_size_min": 6.823530428019882
        },
        "L4": {
          "failed_points": 9,
          "max_r_hat_max": 1.2029724600509462,
          "mean_pt_min_swap_acceptance_rate_min": 0.2356301828958079,
          "mean_q_top_spread_max": 0.0403889138547201,
          "min_effective_sample_size_min": 5.603173657664934
        },
        "L5": {
          "failed_points": 9,
          "max_r_hat_max": 2.026659455073231,
          "mean_pt_min_swap_acceptance_rate_min": 0.09337729482818768,
          "mean_q_top_spread_max": 0.07521331310272217,
          "min_effective_sample_size_min": 3.986290294277703
        }
      },
      "gap34": [
        -0.1383375678107972,
        -0.12261354485674514,
        -0.10657956145910757,
        -0.09193573700678015,
        -0.06780348763254185,
        -0.04822754434176857,
        -0.03348061106803396,
        -0.01793283193800893,
        -0.0025325129621676934
      ],
      "gap45": [
        -0.10974316467486667,
        -0.10788655978819683,
        -0.08947567133942524,
        -0.086902141704091,
        -0.07193454339479405,
        -0.06054204448111472,
        -0.0463829723275489,
        -0.03451753506023025,
        -0.023570046538398365
      ],
      "primary_crossing_window_hit": false,
      "q": 0.01,
      "q_top_ci95_curve_matrix": [
        [
          0.016934698773215014,
          0.016648731846078388,
          0.01628384820951604,
          0.01583966490968009,
          0.015248770635454116,
          0.014590989939820685,
          0.013620156964404705,
          0.012736572460479953,
          0.01201396729808144
        ],
        [
          0.017190040236745894,
          0.01763778052135414,
          0.017707461042840114,
          0.01769602865251739,
          0.01733778203967439,
          0.01651907520950189,
          0.015540759142090474,
          0.014559944005837598,
          0.013206623789821193
        ],
        [
          0.016036037644771687,
          0.01707396473022147,
          0.01761844903194032,
          0.01772972213842841,
          0.01764767783330259,
          0.017156651652505215,
          0.016447844423269086,
          0.01540871196716392,
          0.014020957511851425
        ]
      ],
      "q_top_curve_matrix": [
        [
          0.5088755214985992,
          0.4701700301116539,
          0.43912095493740505,
          0.3985281604460426,
          0.36853830228810985,
          0.3329400196375828,
          0.2985478995574845,
          0.26756937747880344,
          0.24109238755726625
        ],
        [
          0.6472130893093964,
          0.5927835749683991,
          0.5457005163965126,
          0.49046389745282276,
          0.4363417899206517,
          0.38116756397935136,
          0.33202851062551847,
          0.28550220941681237,
          0.24362490051943395
        ],
        [
          0.756956253984263,
          0.7006701347565959,
          0.6351761877359379,
          0.5773660391569138,
          0.5082763333154457,
          0.4417096084604661,
          0.37841148295306737,
          0.3200197444770426,
          0.2671949470578323
        ]
      ],
      "recommended_server_window": null,
      "right_edge_gap_signs": {
        "3-4": -1,
        "4-5": -1
      }
    },
    {
      "convergence_passed_points": 0,
      "convergence_total_points": 27,
      "diagnostics_by_L": {
        "L3": {
          "failed_points": 9,
          "max_r_hat_max": 1.0237049637613767,
          "mean_pt_min_swap_acceptance_rate_min": 0.4500785156477121,
          "mean_q_top_spread_max": 0.030255033856346498,
          "min_effective_sample_size_min": 24.65318182890582
        },
        "L4": {
          "failed_points": 9,
          "max_r_hat_max": 1.1959493683739375,
          "mean_pt_min_swap_acceptance_rate_min": 0.2430992763024013,
          "mean_q_top_spread_max": 0.03951020704375373,
          "min_effective_sample_size_min": 6.229696439250975
        },
        "L5": {
          "failed_points": 9,
          "max_r_hat_max": 1.167580478963526,
          "mean_pt_min_swap_acceptance_rate_min": 0.10206614029158673,
          "mean_q_top_spread_max": 0.06818639900949267,
          "min_effective_sample_size_min": 5.749139805555221
        }
      },
      "gap34": [
        -0.06463348355499055,
        -0.05498364567756647,
        -0.04171030212282423,
        -0.03433069394576166,
        -0.024818695874677776,
        -0.013398093725776383,
        -0.004214728280665436,
        0.00583321059359207,
        0.010413059173890987
      ],
      "gap45": [
        -0.03576819271233589,
        -0.033193440073066294,
        -0.03166895507583545,
        -0.019121778278892443,
        -0.007268225308507681,
        0.004097284904370724,
        0.015278375456257515,
        0.019131951122766472,
        0.02114289631653163
      ],
      "primary_crossing_window_hit": true,
      "q": 0.05,