{
  "individual_runs": {
    "exp13 coarse 16d": {
      "gap34": [
        -0.018170991587260377,
        -0.0283596544038682,
        3.048635664440469e-05,
        0.04611474654031178,
        0.05850955039735824,
        0.037357337891109406,
        0.040478395091162786,
        0.024515766946096272,
        0.01504278372204493,
        0.010147233804066976,
        0.00844551646520221
      ],
      "gap34_crossings": [
        0.239989261639489
      ],
      "gap45": [
        0.025420952410924957,
        0.07652226989231417,
        0.0408497481119065,
        0.010104222903175968,
        0.008822935914236402,
        0.0037129502447824647,
        0.00279424304053897,
        0.002070554665156772,
        0.0032932370428055044,
        0.0024865070978800454,
        0.0011911136763436455
      ],
      "gap45_crossings": [],
      "max_mean_q_top_spread": 0.06953151642330108,
      "num_disorder_samples": 16,
      "p_values": [
        0.22,
        0.23,
        0.24,
        0.25,
        0.26,
        0.27,
        0.28,
        0.29,
        0.3,
        0.31,
        0.32
      ]
    },
    "exp14 fine 16d": {
      "gap34": [
        0.0034218449441212884,
        0.04601519637637666,
        0.023926638421558177,
        0.05344803749568877,
        0.043181204606616314,
        0.0579844628061567,
        0.0655939995296418,
        0.06646055645412867,
        0.06449604223644924,
        0.061939275453961086
      ],
      "gap34_crossings": [],
      "gap45": [
        0.05454845750142662,
        0.023709484509059353,
        0.021996863304622583,
        0.0326969339734032,
        0.06452155302441309,
        0.059416950695098406,
        0.04881984846932547,
        0.03682065293902442,
        0.026679100498320563,
        0.01851832015173776
      ],
      "gap45_crossings": [],
      "max_mean_q_top_spread": 0.0435352022685702,
      "num_disorder_samples": 16,
      "p_values": [
        0.225,
        0.23,
        0.235,
        0.24,
        0.245,
        0.25,
        0.255,
        0.26,
        0.265,
        0.27
      ]
    },
    "exp15 denseA 64d": {
      "gap34": [
        -0.20422630319519652,
        -0.17191831294506316,
        -0.11546980341275531,
        -0.0702286483276458,
        -0.007609273706163655,
        0.006012210297206111,
        0.029986813427909986,
        0.03362336258093515
      ],
      "gap34_crossings": [
        0.21779311479728686
      ],
      "gap45": [
        -0.029059512274605903,
        -0.009600162742629925,
        -0.022153813451055493,
        -0.042610211031777534,
        -0.0827168230972593,
        -0.0754791278214682,
        -0.05761765937010452,
        -0.023238572809431285
      ],
      "gap45_crossings": [],
      "max_mean_q_top_spread": 0.0886234858679393,
      "num_disorder_samples": 64,
      "p_values": [
        0.195,
        0.2,
        0.205,
        0.21,
        0.215,
        0.22,
        0.225,
        0.23
      ]
    },
    "exp16 denseB 64d": {
      "gap34": [
        -0.11768518553839791,
        -0.10288087172167643,
        -0.09581907164482845,
        -0.07939887094119236,
        -0.0641539425603927,
        -0.03283120431597275,
        -0.016675187008721504,
        -0.0029011697523177726
      ],
      "gap34_crossings": [],
      "gap45": [
        -0.13198073468511062,
        -0.09216297477010704,
        -0.06097002422052711,
        -0.056776914568174464,
        -0.03822062247329289,
        -0.0378927957443963,
        -0.024935020813866227,
        -0.019611943808812926
      ],
      "gap45_crossings": [],
      "max_mean_q_top_spread": 0.077362060546875,
      "num_disorder_samples": 64,
      "p_values": [
        0.195,
        0.2,
        0.205,
        0.21,
        0.215,
        0.22,
        0.225,
        0.23
      ]
    },
    "exp17 fine 48d": {
      "gap34": [
        -0.07508767881090678,
        -0.07120648862192874,
        -0.05777973378146134,
        -0.06944593077614192,
        -0.07085935873960059,
        -0.07348678950910217,
        -0.060722739608199544,
        -0.05252469500536644,
        -0.053341161637079165,
        -0.04066669499432596,
        -0.0348729267322197
      ],
      "gap34_crossings": [],
      "gap45": [
        -0.0985977857831924,
        -0.08454894514941658,
        -0.07033120734351028,
        -0.06062705365438309,
        -0.04642669801358834,
        -0.031863650947651534,
        -0.02061645032236814,
        -0.018103105996651603,
        -0.01952534409427137,
        -0.016514980288409697,
        0.004898363004916556
      ],
      "gap45_crossings": [
        0.22942811791019538
      ],
      "max_mean_q_top_spread": 0.06993910370680388,
      "num_disorder_samples": 48,
      "p_values": [
        0.205,
        0.2075,
        0.21,
        0.2125,
        0.215,
        0.2175,
        0.22,
        0.2225,
        0.225,
        0.2275,
        0.23
      ]
    }
  },
  "interpretation": {
    "dense_result": "Pooled exp15+exp16 gives L3-L4 sign change near p=0.223, while L4-L5 remains negative through p=0.230.",
    "fine_result": "exp17 fine scan keeps L3-L4 negative across 0.205-0.230 and L4-L5 crosses only at the right edge, so disorder fluctuations remain visible.",
    "main_window": "p approximately 0.22-0.235 for q=0.0100",
    "recommendation": "Do not extend to p>0.24 yet; next useful run should add disorder around p=0.220-0.240, especially 0.225-0.235, or pool additional independent replicas on the dense grid."
  },
  "outputs": [
    "q001_left_dense_pooled_sem95.png",
    "q001_left_dense_pooled_gap_ci95.png",
    "q001_left_gap_comparison_all_runs.png",
    "q001_left_gap_detail_dense_vs_fine.png"
  ],
  "pooled_dense": {
    "gap34": [
      -0.16095574436679716,
      -0.13739959233336974,
      -0.10564443752879188,
      -0.07481375963441905,
      -0.035881608133278176,
      -0.013409497009383264,
      0.006655813209594241,
      0.01536109641430869
    ],
    "gap34_ci95": [
      0.06997959660553112,
      0.06787530843247361,
      0.0657981446012891,
      0.06255078623565984,
      0.06082291125424114,
      0.0549273100452244,
      0.05184666567857004,
      0.047236405350693206
    ],
    "gap34_crossings": [
      0.2233414626694136
    ],
    "gap45": [
      -0.08052012347985837,
      -0.0508815687563684,
      -0.041561918835791356,
      -0.04969356279997594,
      -0.0604687227852761,
      -0.05668596178293228,
      -0.04127634009198533,
      -0.02142525830912212
    ],
    "gap45_ci95": [
      0.07837931789196474,
      0.0758682033705677,
      0.07549104706935966,
      0.07277012552513305,
      0.07057220029757465,
      0.06505923148717727,
      0.058763277120137396,
      0.05280827909347667
    ],
    "gap45_crossings": [],
    "num_disorder_samples": 128,
    "p_values": [
      0.195,
      0.2,
      0.205,
      0.21,
      0.215,
      0.22,
      0.225,
      0.23
    ],
    "q_top_ci95": [
      [
        0.0440467454460135,
        0.04291157895654287,
        0.042040219108193576,
        0.03938758354831634,
        0.03774066707635155,
        0.03599694842568484,
        0.03448249205624426,
        0.03253216722799884
      ],
      [
        0.05437856339300397,
        0.05258948455974645,
        0.05061635911745555,
        0.048592377189468836,
        0.047697679000904096,
        0.04148769809043151,
        0.038717366692176576,
        0.03424815448903073
      ],
      [
        0.056447225941783134,
        0.054683913506789264,
        0.0560078778148311,
        0.05416892142197414,
        0.05201314134685298,
        0.05011461372553241,
        0.044205070459412216,
        0.04019674433222185
      ]
    ],