{
  "common_random_disorder_across_p": true,
  "crossing_window": null,
  "data_error_probability_list": [
    0.035,
    0.0375,
    0.04,
    0.0425,
    0.045,
    0.0475,
    0.05,
    0.0525,
    0.055,
    0.0575,
    0.06,
    0.0625,
    0.065,
    0.0675,
    0.07
  ],
  "gap_plot_path": "/home/DATA1/users/yuany/.single_shot/runs/measurement_noise_threshold_search_20260421_104427/q_0p0200/scan_result_multi_L_q0p0200_measurement_noise_threshold_search_common_random_gap_crossing.png",
  "input_path": "/home/DATA1/users/yuany/.single_shot/runs/measurement_noise_threshold_search_20260421_104427/q_0p0200/scan_result_multi_L_q0p0200_measurement_noise_threshold_search_common_random.npz",
  "lattice_size_list": [
    3,
    5,
    7
  ],
  "num_disorder_samples": 2048,
  "pairwise_gap_analysis": {
    "delta_35": {
      "crossing_intervals": [],
      "crossing_location_classification": "left_of_window",
      "delta_curve": [
        0.02709080607096359,
        0.03096421101888025,
        0.028567338053385516,
        0.03215238037109369,
        0.03844243367513034,
        0.035092958577474076,
        0.03356923421223956,
        0.03840331217447912,
        0.034405273437499995,
        0.034258430989583366,
        0.03815667114257826,
        0.044183664957682334,
        0.04439578043619785,
        0.04699097493489579,
        0.05073120320638025
      ],
      "min_abs_delta_index": 0,
      "min_abs_delta_p": 0.035,
      "min_abs_delta_value": 0.02709080607096359,
      "pair_label": "3-5",
      "pooled_ci95_curve": [
        0.012468681626780593,
        0.012854500327940842,
        0.013389882668837106,
        0.013911933179499824,
        0.01450929651108298,
        0.014941579062048389,
        0.015278376283358328,
        0.015576085344614505,
        0.01596793949777998,
        0.016208897762513746,
        0.016496191813505992,
        0.01691945799643726,
        0.017077308585606844,
        0.01747399420140136,
        0.017595292658959562
      ],
      "pooled_sem_at_min_abs": 0.0063615722585615275,
      "pooled_sem_curve": [
        0.0063615722585615275,
        0.006558418534663695,
        0.006831572790223013,
        0.007097925091581543,
        0.007402702301572949,
        0.007623254623494076,
        0.007795089940488943,
        0.00794698231868087,
        0.008146907907030604,
        0.008269845797200892,
        0.008416424394645914,
        0.008632376528794521,
        0.00871291254367696,
        0.008915303163980285,
        0.008977190132122226
      ],
      "secondary_proximity_hit": false,
      "sign_flip_detected": false,
      "sign_pattern": [
        1,
        1,
        1,
        1,
        1,
        1,
        1,
        1,
        1,
        1,
        1,
        1,
        1,
        1,
        1
      ]
    },
    "delta_57": {
      "crossing_intervals": [],
      "crossing_location_classification": "left_of_window",
      "delta_curve": [
        0.0556721638997395,
        0.05771710815429687,
        0.059735691324869666,
        0.0584346842447917,
        0.05819911295572899,
        0.06408529459635415,
        0.0665409993489583,
        0.0689426106770833,
        0.07345320638020836,
        0.07564514160156244,
        0.08168467203776031,
        0.08143513997395813,
        0.08578393961588537,
        0.08646499023437515,
        0.08457281901041669
      ],
      "min_abs_delta_index": 0,
      "min_abs_delta_p": 0.035,
      "min_abs_delta_value": 0.0556721638997395,
      "pair_label": "5-7",
      "pooled_ci95_curve": [
        0.01422017614322366,
        0.014630501415802728,
        0.015029154116859194,
        0.015449062803070884,
        0.016009541636061372,
        0.016404128554609553,
        0.016593840976364082,
        0.016898719824147347,
        0.017179373563028028,
        0.0174295462332296,
        0.017756813667054772,
        0.018117731458293675,
        0.018257883498486473,
        0.018526704468849048,
        0.018535688901009182
      ],
      "pooled_sem_at_min_abs": 0.00725519190980799,
      "pooled_sem_curve": [
        0.00725519190980799,
        0.0074645415386748615,
        0.007667935773907752,
        0.007882174899525961,
        0.008168133487786415,
        0.008369453344188548,
        0.008466245396104124,
        0.008621795828646606,
        0.008764986511748995,
        0.008892625629198776,
        0.009059598809721823,
        0.009243740539945753,
        0.009315246682901263,
        0.009452400239208698,
        0.00945698413316795
      ],
      "secondary_proximity_hit": false,
      "sign_flip_detected": false,
      "sign_pattern": [
        1,
        1,
        1,
        1,
        1,
        1,
        1,
        1,
        1,
        1,
        1,
        1,
        1,
        1,
        1
      ]
    }
  },
  "primary_crossing_window_hit": false,
  "q_top_ci95_curve_matrix": [
    [
      0.007953609508443631,
      0.008120158951884207,
      0.008560636316053588,
      0.008976934927821692,
      0.009304997940051251,
      0.00958199648519944,
      0.009915840420564077,
      0.010141245565793612,
      0.010443109293713154,
      0.0106305543214822,
      0.010804492708273578,
      0.011073708764156549,
      0.011172371510929013,
      0.011573295631984691,
      0.011652569623426414
    ],
    [
      0.009602505782201384,
      0.009964998608989665,
      0.01029584691754344,
      0.010628100681331687,
      0.011132686045252811,
      0.011464559661193639,
      0.011623462935364566,
      0.011822418239809748,
      0.012079592711855975,
      0.012235999407226174,
      0.012465443500527576,
      0.01279222549441055,
      0.01291559457980247,
      0.013091955605076436,
      0.013183775822033545
    ],
    [
      0.01048834077664796,
      0.010712160118325325,
      0.010948561993194215,
      0.011212360028143286,
      0.01150516079047207,
      0.011732830238739847,
      0.011842747474258914,
      0.012074649421744896,
      0.012215331183956596,
      0.01241246955293945,
      0.012645835280504726,
      0.012830088078224444,
      0.012904949689730745,
      0.013108755734652278,
      0.013029190999803427
    ]
  ],
  "q_top_curve_matrix": [
    [
      0.8789221740722657,
      0.8701484700520833,
      0.857251991780599,
      0.8429688435872396,
      0.8311931966145834,
      0.8155526489257813,
      0.8015656514485676,
      0.7906455912272136,
      0.7733801025390625,
      0.7602993123372396,
      0.749388954671224,
      0.73640615234375,
      0.7219022338867187,
      0.7063391235351563,
      0.6934943277994792
    ],
    [
      0.8518313680013021,
      0.839184259033203,
      0.8286846537272134,
      0.8108164632161459,
      0.792750762939453,
      0.7804596903483072,
      0.767996417236328,
      0.7522422790527344,
      0.7389748291015625,
      0.7260408813476562,
      0.7112322835286458,
      0.6922224873860676,
      0.6775064534505209,
      0.6593481486002605,
      0.6427631245930989
    ],
    [
      0.7961592041015626,
      0.7814671508789062,
      0.7689489624023438,
      0.7523817789713542,
      0.734551649983724,
      0.716374395751953,
      0.7014554178873698,
      0.6832996683756511,
      0.6655216227213542,
      0.6503957397460938,
      0.6295476114908855,
      0.6107873474121095,
      0.5917225138346355,
      0.5728831583658853,
      0.5581903055826822
    ]
  ],