{
  "common_random_disorder_across_p": true,
  "crossing_window": {
    "p_max": 0.08042765759046783,
    "p_min": 0.08042765759046783
  },
  "data_error_probability_list": [
    0.08,
    0.0825,
    0.085,
    0.0875,
    0.09,
    0.0925,
    0.095,
    0.0975,
    0.1,
    0.1025,
    0.105,
    0.1075
  ],
  "gap_plot_path": "/home/DATA1/users/yuany/.single_shot/runs/measurement_noise_threshold_search_20260421_104427/q_0p0050/scan_result_multi_L_q0p0050_measurement_noise_threshold_search_common_random_gap_crossing.png",
  "input_path": "/home/DATA1/users/yuany/.single_shot/runs/measurement_noise_threshold_search_20260421_104427/q_0p0050/scan_result_multi_L_q0p0050_measurement_noise_threshold_search_common_random.npz",
  "lattice_size_list": [
    3,
    5,
    7
  ],
  "num_disorder_samples": 2048,
  "pairwise_gap_analysis": {
    "delta_35": {
      "crossing_intervals": [
        {
          "crossing_estimate_p": 0.08042765759046783,
          "left_index": 0,
          "left_p": 0.08,
          "right_index": 1,
          "right_p": 0.0825
        }
      ],
      "crossing_location_classification": "inside_or_touching_window",
      "delta_curve": [
        -0.0019669169108073037,
        0.009531282552083464,
        0.018093223063150976,
        0.016851003011067678,
        0.028711444091796823,
        0.01652633260091141,
        0.02776984659830717,
        0.03602977294921872,
        0.03986502685546878,
        0.062271213785807245,
        0.0600377360026042,
        0.07140226440429709
      ],
      "min_abs_delta_index": 0,
      "min_abs_delta_p": 0.08,
      "min_abs_delta_value": -0.0019669169108073037,
      "pair_label": "3-5",
      "pooled_ci95_curve": [
        0.017289816756187546,
        0.017625632392511248,
        0.017967165407901314,
        0.01843962112451156,
        0.018574184636207004,
        0.018811411511758292,
        0.018823430386057036,
        0.019240184489611064,
        0.019269334072344383,
        0.01942090254097262,
        0.01967376470984288,
        0.019749029728119274
      ],
      "pooled_sem_at_min_abs": 0.008821335079687524,
      "pooled_sem_curve": [
        0.008821335079687524,
        0.008992669588015943,
        0.009166921126480262,
        0.00940796996148549,
        0.009476624814391328,
        0.009597658934570557,
        0.009603791013294406,
        0.00981642065796483,
        0.009831292894053257,
        0.009908623745394194,
        0.010037635056042285,
        0.010076035575571058
      ],
      "secondary_proximity_hit": true,
      "sign_flip_detected": true,
      "sign_pattern": [
        -1,
        1,
        1,
        1,
        1,
        1,
        1,
        1,
        1,
        1,
        1,
        1
      ]
    },
    "delta_57": {
      "crossing_intervals": [],
      "crossing_location_classification": "left_of_window",
      "delta_curve": [
        0.02894950561523446,
        0.03044771118164058,
        0.031384881591796865,
        0.026984615071614537,
        0.03442696940104162,
        0.048485715738932234,
        0.0572648742675782,
        0.040830175781250144,
        0.06008553466796873,
        0.04975443522135414,
        0.05336611124674473,
        0.05651794637044261
      ],
      "min_abs_delta_index": 3,
      "min_abs_delta_p": 0.0875,
      "min_abs_delta_value": 0.026984615071614537,
      "pair_label": "5-7",
      "pooled_ci95_curve": [
        0.01801026769418459,
        0.01827319439499618,
        0.018814965958605517,
        0.01919755095777273,
        0.019472476037249675,
        0.01973751250801652,
        0.01987292278098077,
        0.02016710538999374,
        0.020225532613737565,
        0.020510849617877906,
        0.020652237611291535,
        0.02082670308589693
      ],
      "pooled_sem_at_min_abs": 0.009794668856006494,
      "pooled_sem_curve": [
        0.00918891208886969,
        0.00932305836479397,
        0.009599472427859959,
        0.009794668856006494,
        0.009934936753698814,
        0.010070159442865571,
        0.010139246316826923,
        0.010289339484690683,
        0.010319149292723248,
        0.01046471919279485,
        0.010536855924128334,
        0.010625868921375984
      ],
      "secondary_proximity_hit": false,
      "sign_flip_detected": false,
      "sign_pattern": [
        1,
        1,
        1,
        1,
        1,
        1,
        1,
        1,
        1,
        1,
        1,
        1
      ]
    }
  },
  "primary_crossing_window_hit": false,
  "q_top_ci95_curve_matrix": [
    [
      0.012036433533163462,
      0.012253226527804492,
      0.012321513057439695,
      0.012697459630964598,
      0.012658037839042189,
      0.012977121632962397,
      0.01290079062521424,
      0.013172646701646524,
      0.013343226858032128,
      0.013247532202305625,
      0.013409704424869148,
      0.013447711523982603
    ],
    [
      0.012412172705222957,
      0.012669702320664448,
      0.01307667193020566,
      0.013371392827060215,
      0.013593175234847979,
      0.013618499079855009,
      0.013707338645525601,
      0.014023768326233546,
      0.013901997432264989,
      0.014201209316633295,
      0.014395723152933436,
      0.014463168047488225
    ],
    [
      0.013050199659465266,
      0.013167698223420439,
      0.01352788214220008,
      0.013775043253678851,
      0.013942844403348205,
      0.014286563016208507,
      0.014388951564158687,
      0.014492965940180886,
      0.014690358637645971,
      0.01479934478253581,
      0.014808040831161324,
      0.014985604140581862
    ]
  ],
  "q_top_curve_matrix": [
    [
      0.7939596435546875,
      0.7894946492513022,
      0.7845729431152343,
      0.7656118713378905,
      0.7672173014322916,
      0.7477864298502603,
      0.7453045817057291,
      0.7354778889973959,
      0.731564052327474,
      0.7267873860677083,
      0.7164165649414063,
      0.7117444274902345
    ],
    [
      0.7959265604654948,
      0.7799633666992187,
      0.7664797200520833,
      0.7487608683268229,
      0.7385058573404948,
      0.7312600972493489,
      0.7175347351074219,
      0.6994481160481771,
      0.6916990254720052,
      0.6645161722819011,
      0.6563788289388021,
      0.6403421630859374
    ],
    [
      0.7669770548502604,
      0.7495156555175781,
      0.7350948384602864,
      0.7217762532552083,
      0.7040788879394532,
      0.6827743815104167,
      0.6602698608398437,
      0.658617940266927,
      0.6316134908040365,
      0.6147617370605469,
      0.6030127176920573,
      0.5838242167154948
    ]
  ],
  "q_top_sem_curve_matrix": [
    [
      0.006141037516920134,
      0.006251646187655353,
      0.006286486253795763,
      0.006478295730083979,
      0.006458182570939892,
      0.006620980424980815,
      0.006582036033272572,
      0.006720738113084961,
      0.0068077688051184325,
      0.006758945001176339,
      0.006841685931055688,
      0.006861077308154389
    ],
    [
      0.006332741176134162,
      0.006464133837073698,
      0.006671771392962072,
      0.0068221391974797015,
      0.006935293487167336,
      0.006948213816252556,
      0.006993540125268164,
      0.007154983839915074,
      0.00709285583278826,
      0.007245514957465967,
      0.0073447567106803245,
      0.007379167371167462
    ],
    [
      0.006658265132380238,
      0.006718213379296142,
      0.006901980684795959,
      0.0070280832926932916,
      0.007113696124157248,
      0.007289062763371688,
      0.00734130181844831,
      0.00739437037764331,
      0.007495080937574475,
      0.0075506861135386785,
      0.007555122873041492,
      0.007645716398256052
    ]
  ],
  "recommended_server_window": {
    "p_max": 0.09624999999999999,
    "p_min": 0.07125,
    "reason": "mixed_pairwise_signatures_center_on_min_abs_gap",
    "step_reference": 0.0025000000000000022
  },
  "secondary_proximity_hit": true,