{
  "average_acceptance_rate_curve_matrix": [
    [
      1.2639567434087982e-05,
      1.4967908803525244e-05,
      2.0289831933667553e-05,
      4.157752445423678e-05,
      7.517216421326011e-05,
      0.0001230694723845409,
      0.00025678279102936635,
      0.00047864046151717383,
      0.0009991910676842184,
      0.0019418367021106747,
      0.004000090472693212
    ],
    [
      3.778848811498065e-06,
      6.275588204809287e-06,
      1.3293450283305693e-05,
      2.813892775704809e-05,
      5.7020129387783304e-05,
      0.00012092316196793809,
      0.0002471097204947485,
      0.0005116291372996131,
      0.0009906657036000553,
      0.0018546050131288006,
      0.0035517130061498065
    ],
    [
      1.7534225315541443e-06,
      3.6374190814155118e-06,
      1.0259387152710418e-05,
      2.4212153680396586e-05,
      5.870234794469034e-05,
      0.00012272092377760334,
      0.000256447371955387,
      0.0005056385591791296,
      0.0010011669586550429,
      0.0019053174217078185,
      0.0036150349639914167
    ]
  ],
  "code_family": "3d_toric",
  "created_at": "2026-04-23T18:21:42+08:00",
  "disorder_description": "all-zero disorder, num_disorder_samples = 1, no disorder averaging",
  "disorder_mode": "all_zero_single_sample",
  "effective_num_burn_in_sweeps_list": [
    2700,
    6400,
    12500
  ],
  "fixed_p": null,
  "fixed_q": 0.005,
  "lattice_size_list": [
    3,
    4,
    5
  ],
  "max_r_hat_curve_matrix": [
    [
      1.0,
      1.0,
      1.0,
      1.0,
      1.0,
      1.0,
      1.0,
      1.0,
      1.0,
      1.0,
      1.0046349804034633
    ],
    [
      1.0,
      1.0,
      1.0,
      1.0,
      1.0,
      1.0,
      1.0,
      1.0,
      1.0,
      1.0,
      1.0
    ],
    [
      1.0,
      1.0,
      1.0,
      1.0,
      1.0,
      1.0,
      1.0,
      1.0,
      1.0,
      1.0,
      1.0
    ]
  ],
  "min_effective_sample_size_curve_matrix": [
    [
      128.0,
      128.0,
      128.0,
      128.0,
      128.0,
      128.0,
      128.0,
      128.0,
      128.0,
      128.0,
      128.0
    ],
    [
      128.0,
      128.0,
      128.0,
      128.0,
      128.0,
      128.0,
      128.0,
      128.0,
      128.0,
      128.0,
      128.0
    ],
    [
      128.0,
      128.0,
      128.0,
      128.0,
      128.0,
      128.0,
      128.0,
      128.0,
      128.0,
      128.0,
      128.0
    ]
  ],
  "num_burn_in_sweeps_base": 600,
  "num_disorder_samples": 1,
  "num_logical_qubits_list": [
    3,
    3,
    3
  ],
  "num_measurements_per_point": 128,
  "num_qubits_list": [
    81,
    192,
    375
  ],
  "num_replicas_per_start": 1,
  "num_start_chains": 8,
  "num_sweeps_between_measurements": 4,
  "pt_num_temperatures": 7,
  "pt_p_hot": 0.44,
  "pt_swap_attempt_every_num_sweeps": 1,
  "q0_num_start_chains": 8,
  "q_top_curve_matrix": [
    [
      1.0,
      1.0,
      1.0,
      1.0,
      1.0,
      1.0,
      1.0,
      1.0,
      0.9977700369698661,
      0.9955422537667411,
      0.9844469342912946
    ],
    [
      1.0,
      1.0,
      1.0,
      1.0,
      1.0,
      1.0,
      1.0,
      1.0,
      1.0,
      1.0,
      1.0
    ],
    [
      1.0,
      1.0,
      1.0,
      1.0,
      1.0,
      1.0,
      1.0,
      1.0,
      1.0,
      1.0,
      1.0
    ]
  ],
  "q_top_spread_curve_matrix": [
    [
      0.0,
      0.0,
      0.0,
      0.0,
      0.0,
      0.0,
      0.0,
      0.0,
      0.017717633928571397,
      0.017717633928571397,
      0.0523158482142857
    ],
    [
      0.0,
      0.0,
      0.0,
      0.0,
      0.0,
      0.0,
      0.0,
      0.0,
      0.0,
      0.0,
      0.0
    ],
    [
      0.0,
      0.0,
      0.0,
      0.0,
      0.0,
      0.0,
      0.0,
      0.0,
      0.0,
      0.0,
      0.0
    ]
  ],
  "scan_kind": "fixed-q-scan",
  "x_axis_name": "data_error_probability",
  "x_axis_values": [
    0.1,
    0.12,
    0.14,
    0.16,
    0.18,
    0.2,
    0.22,
    0.24,
    0.26,
    0.28,
    0.3
  ]
}