{
  "common_random_disorder_across_p": true,
  "crossing_window": {
    "p_max": 0.07394682615351239,
    "p_min": 0.07394682615351239
  },
  "data_error_probability_list": [
    0.06,
    0.0625,
    0.065,
    0.0675,
    0.07,
    0.0725,
    0.075,
    0.0775,
    0.08,
    0.0825,
    0.085,
    0.0875,
    0.09
  ],
  "gap_plot_path": "/Users/yuan/Desktop/Desktop/workspace/projects/project D/data/2d_toric_code/with_measurement_noise/measurement_noise_threshold_search_nd3_20260421_104427/q_0p0100/scan_result_multi_L_q0p0100_measurement_noise_threshold_search_common_random_gap_crossing.png",
  "input_path": "/Users/yuan/Desktop/Desktop/workspace/projects/project D/data/2d_toric_code/with_measurement_noise/measurement_noise_threshold_search_nd3_20260421_104427/q_0p0100/scan_result_multi_L_q0p0100_measurement_noise_threshold_search_common_random.npz",
  "lattice_size_list": [
    3,
    5,
    7
  ],
  "num_disorder_samples": 2048,
  "pairwise_gap_analysis": {
    "delta_35": {
      "crossing_intervals": [
        {
          "crossing_estimate_p": 0.07394682615351239,
          "left_index": 5,
          "left_p": 0.0725,
          "right_index": 6,
          "right_p": 0.075
        }
      ],
      "crossing_location_classification": "inside_or_touching_window",
      "delta_curve": [
        -0.006344610595703126,
        -0.006969763183593658,
        -0.005141672770182293,
        -0.00689902343750004,
        -0.0018627868652344448,
        -0.007370163981119893,
        0.005364890543619771,
        0.010809802246093736,
        0.008310373942057359,
        0.01334154256184894,
        0.022974713134765623,
        0.02417492268880217,
        0.03391976928710927
      ],
      "min_abs_delta_index": 4,
      "min_abs_delta_p": 0.07,
      "min_abs_delta_value": -0.0018627868652344448,
      "pair_label": "3-5",
      "pooled_ci95_curve": [
        0.015491198403531097,
        0.015794304043164013,
        0.016205576564481645,
        0.01675277698544764,
        0.01719062451012876,
        0.01747527356124366,
        0.01789214571261903,
        0.01820593838623109,
        0.018540268549860413,
        0.018669820478129297,
        0.01893638347118401,
        0.019154964524785226,
        0.019302061430444457
      ],
      "pooled_sem_at_min_abs": 0.00877072679088202,
      "pooled_sem_curve": [
        0.007903672654862805,
        0.008058318389369394,
        0.008268151308409003,
        0.00854733519665696,
        0.00877072679088202,
        0.008915955898593704,
        0.009128645771744404,
        0.0092887440746077,
        0.009459320688704292,
        0.009525418611290458,
        0.009661420138359189,
        0.009772941084074095,
        0.009847990525736967
      ],
      "secondary_proximity_hit": true,
      "sign_flip_detected": true,
      "sign_pattern": [
        -1,
        -1,
        -1,
        -1,
        -1,
        -1,
        1,
        1,
        1,
        1,
        1,
        1,
        1
      ]
    },
    "delta_57": {
      "crossing_intervals": [],
      "crossing_location_classification": "left_of_window",
      "delta_curve": [
        0.026782690429687395,
        0.030489461263020656,
        0.030936633300781224,
        0.03574195760091148,
        0.031207265218099023,
        0.04088540039062494,
        0.035025305175781174,
        0.03183328653971351,
        0.040504659016927125,
        0.04530058593749997,
        0.04394891764322917,
        0.04737493489583322,
        0.048775331624349105
      ],
      "min_abs_delta_index": 0,
      "min_abs_delta_p": 0.06,
      "min_abs_delta_value": 0.026782690429687395,
      "pair_label": "5-7",
      "pooled_ci95_curve": [
        0.016016675043292773,
        0.016475787532172055,
        0.016931437952270045,
        0.01741130073946141,
        0.017746402279290724,
        0.018187299390648004,
        0.018424044768212255,
        0.018826987536302246,
        0.019166642019488762,
        0.019350286224368254,
        0.019555045258279606,
        0.01970454431727508,
        0.019863416874915114
      ],
      "pooled_sem_at_min_abs": 0.008171772981271823,
      "pooled_sem_curve": [
        0.008171772981271823,
        0.00840601404702656,
        0.008638488751158186,
        0.008883316703806841,
        0.009054286877189144,
        0.009279234382983675,
        0.009400022840924619,
        0.009605605885868493,
        0.009778898989535083,
        0.009872595012432784,
        0.009977063907285514,
        0.010053338937385244,
        0.01013439636475261
      ],
      "secondary_proximity_hit": false,
      "sign_flip_detected": false,
      "sign_pattern": [
        1,
        1,
        1,
        1,
        1,
        1,
        1,
        1,
        1,
        1,
        1,
        1,
        1
      ]
    }
  },
  "primary_crossing_window_hit": false,
  "q_top_ci95_curve_matrix": [
    [
      0.010535901842218304,
      0.010664591193866077,
      0.010982553940393727,
      0.011369647950249931,
      0.011596888270952194,
      0.011824563347004793,
      0.012097689316739832,
      0.012201642374148178,
      0.01246742022303566,
      0.012583170856143048,
      0.012752235802502057,
      0.012974719441734827,
      0.013053562434472227
    ],
    [
      0.011356584008790029,
      0.011650173169340496,
      0.011916552384545576,
      0.012303927918007392,
      0.012689749937618594,
      0.012867202014928204,
      0.01318236668421989,
      0.013512072968150905,
      0.01372242656687164,
      0.013792244483429387,
      0.01399882498658783,
      0.014091462711658034,
      0.01421879331145885
    ],
    [
      0.011294329510587701,
      0.011650109009346434,
      0.012027858096849644,
      0.01231936488738148,
      0.012405847023848227,
      0.012853519807122592,
      0.012871310509185099,
      0.013110276266938304,
      0.01338115000364497,
      0.01357230890726731,
      0.013654035815400804,
      0.0137731530666514,
      0.013870156693876087
    ]
  ],
  "q_top_curve_matrix": [
    [
      0.7990923807779947,
      0.7851208801269531,
      0.7718023152669271,
      0.7569312438964844,
      0.7448876851399739,
      0.7261381205240884,
      0.7198221333821614,
      0.7054998433430989,
      0.6860558349609376,
      0.6793826212565104,
      0.6661242431640625,
      0.6532997334798177,
      0.6416826009114583
    ],
    [
      0.8054369913736978,
      0.7920906433105468,
      0.7769439880371094,
      0.7638302673339844,
      0.7467504720052084,
      0.7335082845052083,
      0.7144572428385416,
      0.6946900410970052,
      0.6777454610188802,
      0.6660410786946614,
      0.6431495300292969,
      0.6291248107910156,
      0.6077628316243491
    ],
    [
      0.7786543009440104,
      0.7616011820475261,
      0.7460073547363282,
      0.7280883097330729,
      0.7155432067871094,
      0.6926228841145834,
      0.6794319376627604,
      0.6628567545572916,
      0.6372408020019531,
      0.6207404927571615,
      0.5992006123860677,
      0.5817498758951823,
      0.5589875
    ]
  ],