{
  "common_random_disorder_across_p": true,
  "crossing_window": {
    "p_max": 0.08577673097029945,
    "p_min": 0.07498171409171278
  },
  "data_error_probability_list": [
    0.0725,
    0.075,
    0.0775,
    0.08,
    0.0825,
    0.085,
    0.0875,
    0.09,
    0.0925,
    0.095,
    0.0975,
    0.1
  ],
  "gap_plot_path": "/Users/yuan/Desktop/Desktop/workspace/projects/project D/data/nd3_runs/measurement_noise_threshold_search_20260421_104427/q_0p0075/scan_result_multi_L_q0p0075_measurement_noise_threshold_search_common_random_gap_crossing.png",
  "input_path": "/Users/yuan/Desktop/Desktop/workspace/projects/project D/data/nd3_runs/measurement_noise_threshold_search_20260421_104427/q_0p0075/scan_result_multi_L_q0p0075_measurement_noise_threshold_search_common_random.npz",
  "lattice_size_list": [
    3,
    5,
    7
  ],
  "num_disorder_samples": 2048,
  "pairwise_gap_analysis": {
    "delta_35": {
      "crossing_intervals": [
        {
          "crossing_estimate_p": 0.07498171409171278,
          "left_index": 0,
          "left_p": 0.0725,
          "right_index": 1,
          "right_p": 0.075
        },
        {
          "crossing_estimate_p": 0.07503169272168178,
          "left_index": 1,
          "left_p": 0.075,
          "right_index": 2,
          "right_p": 0.0775
        },
        {
          "crossing_estimate_p": 0.08577673097029945,
          "left_index": 5,
          "left_p": 0.085,
          "right_index": 6,
          "right_p": 0.0875
        }
      ],
      "crossing_location_classification": "inside_or_touching_window",
      "delta_curve": [
        -0.015692864990234257,
        0.0001156290690105255,
        -0.00900547688802078,
        -0.013840543619791479,
        -0.007884478759765612,
        -0.0033426289876300475,
        0.00741601562500005,
        0.0042718200683594665,
        0.006252691650390663,
        0.032891208902994795,
        0.03157847493489585,
        0.023857519531250038
      ],
      "min_abs_delta_index": 1,
      "min_abs_delta_p": 0.075,
      "min_abs_delta_value": 0.0001156290690105255,
      "pair_label": "3-5",
      "pooled_ci95_curve": [
        0.017357722847866127,
        0.017679710111923427,
        0.018051465334820722,
        0.01822059234888683,
        0.018574324389834453,
        0.018902167026300914,
        0.01911962570743011,
        0.0193957226286191,
        0.01943863315158736,
        0.019603244340459087,
        0.019797239653877072,
        0.019854474978476887
      ],
      "pooled_sem_at_min_abs": 0.009020260261185423,
      "pooled_sem_curve": [
        0.008855981044829656,
        0.009020260261185423,
        0.009209931293275879,
        0.00929622058616675,
        0.009476696117262476,
        0.009643962768520874,
        0.009754911075219443,
        0.009895776851336274,
        0.009917669975299675,
        0.010001655275744432,
        0.010100632476467895,
        0.01012983417269229
      ],
      "secondary_proximity_hit": true,
      "sign_flip_detected": true,
      "sign_pattern": [
        -1,
        1,
        -1,
        -1,
        -1,
        -1,
        1,
        1,
        1,
        1,
        1,
        1
      ]
    },
    "delta_57": {
      "crossing_intervals": [],
      "crossing_location_classification": "left_of_window",
      "delta_curve": [
        0.038761307779947796,
        0.029737432861328128,
        0.042521337890625066,
        0.04317737426757806,
        0.05525122273763028,
        0.05058302612304677,
        0.05005610351562506,
        0.05101354573567696,
        0.06037600097656248,
        0.06034024454752607,
        0.06209635416666659,
        0.061423040771484416
      ],
      "min_abs_delta_index": 1,
      "min_abs_delta_p": 0.075,
      "min_abs_delta_value": 0.029737432861328128,
      "pair_label": "5-7",
      "pooled_ci95_curve": [
        0.017743512068277276,
        0.018220268932490485,
        0.018551681227798798,
        0.01873657473363268,
        0.01926828013382071,
        0.019497136595608016,
        0.01972539951112128,
        0.0199465397840526,
        0.020191514313087893,
        0.020312768647552222,
        0.0203577485633048,
        0.020324411536078422
      ],
      "pooled_sem_at_min_abs": 0.009296055577801268,
      "pooled_sem_curve": [
        0.009052812279733305,
        0.009296055577801268,
        0.009465143483570816,
        0.009559476904914634,
        0.00983075517031669,
        0.00994751867122858,
        0.010063979342408816,
        0.010176806012271734,
        0.010301793016881578,
        0.01036365747324093,
        0.010386606409849388,
        0.010369597722488992
      ],
      "secondary_proximity_hit": false,
      "sign_flip_detected": false,
      "sign_pattern": [
        1,
        1,
        1,
        1,
        1,
        1,
        1,
        1,
        1,
        1,
        1,
        1
      ]
    }
  },
  "primary_crossing_window_hit": false,
  "q_top_ci95_curve_matrix": [
    [
      0.012210503859610318,
      0.012142412981414103,
      0.012530188868955083,
      0.012721250124764336,
      0.012829166696388656,
      0.013034231236573792,
      0.013100094978416979,
      0.013375431522061275,
      0.013289494258292211,
      0.013358786352668362,
      0.013562022242576863,
      0.01379934171644777
    ],
    [
      0.012336698827392006,
      0.01285044577555323,
      0.012994220547710754,
      0.013044530685597572,
      0.01343197708511562,
      0.013689438789143313,
      0.01392650705484604,
      0.014046063074220357,
      0.014186253950948772,
      0.014346777194042667,
      0.014422283127330886,
      0.014275095266360543
    ],
    [
      0.012752963677487914,
      0.012916820171460315,
      0.013240661189506888,
      0.013449886688798015,
      0.013814796809954127,
      0.013882996833036296,
      0.01396938749998249,
      0.014162364261373045,
      0.014368279267011189,
      0.014379796739644053,
      0.014367869569349712,
      0.014467320395436346
    ]
  ],
  "q_top_curve_matrix": [
    [
      0.7578408732096354,
      0.7516405232747396,
      0.7323484598795573,
      0.7189705607096355,
      0.709175449625651,
      0.6938182149251303,
      0.6897958312988282,
      0.6699169250488282,
      0.6595899027506511,
      0.6623367431640625,
      0.6463200358072917,
      0.6259110453287762
    ],
    [
      0.7735337381998697,
      0.7515248942057291,
      0.7413539367675781,
      0.732811104329427,
      0.7170599283854167,
      0.6971608439127603,
      0.6823798156738281,
      0.6656451049804687,
      0.6533372111002604,
      0.6294455342610678,
      0.6147415608723958,
      0.6020535257975261
    ],
    [
      0.7347724304199219,
      0.721787461344401,
      0.698832598876953,
      0.6896337300618489,
      0.6618087056477864,
      0.6465778177897136,
      0.632323712158203,
      0.6146315592447917,
      0.592961210123698,
      0.5691052897135417,
      0.5526452067057293,
      0.5406304850260417
    ]
  ],