{
  "boundary_saturation_artifact": false,
  "code_family": "3d_toric",
  "common_random_disorder_across_p": false,
  "crossing_window": {
    "p_max": 0.22968802289911308,
    "p_min": 0.21825148419642848,
    "reason": "both_pairwise_gaps_cross_zero_interior",
    "representative_p": 0.22396975354777077
  },
  "data_error_probability_list": [
    0.16,
    0.17,
    0.18,
    0.19,
    0.2,
    0.21,
    0.22,
    0.23,
    0.24,
    0.25,
    0.26,
    0.27,
    0.28
  ],
  "gap_plot_path": "/home/DATA1/users/yuany/.single_shot/runs/3d_toric_q0_threshold_scout_20260422_101018_extension_stageB_nd3/scan_result_multi_L_3d_toric_q0_threshold_scout_gap_crossing.png",
  "input_path": "/home/DATA1/users/yuany/.single_shot/runs/3d_toric_q0_threshold_scout_20260422_101018_extension_stageB_nd3/scan_result_multi_L_3d_toric_q0_threshold_scout.npz",
  "interior_crossing_window": {
    "p_max": 0.22968802289911308,
    "p_min": 0.21825148419642848,
    "reason": "both_pairwise_gaps_cross_zero_interior",
    "representative_p": 0.22396975354777077
  },
  "interior_near_crossing_window": null,
  "lattice_size_list": [
    3,
    4,
    5
  ],
  "left_edge_saturated_point_flags": [
    false,
    false,
    false,
    false,
    false,
    false,
    false,
    false,
    false,
    false,
    false,
    false,
    false
  ],
  "left_edge_saturation_end_index": -1,
  "left_edge_saturation_end_p": null,
  "num_disorder_samples": 256,
  "pair_labels": [
    "3-4",
    "4-5"
  ],
  "pairwise_gap_analysis": {
    "delta_35": {
      "boundary_artifact_crossing_detected": false,
      "boundary_crossing_intervals": [],
      "crossing_intervals": [
        {
          "crossing_estimate_p": 0.22968802289911308,
          "left_index": 6,
          "left_p": 0.22,
          "right_index": 7,
          "right_p": 0.23
        }
      ],
      "crossing_location_classification": "inside_or_touching_window",
      "delta_curve": [
        -0.17158465188647087,
        -0.15808282276940733,
        -0.1750238133990576,
        -0.1307982550726996,
        -0.11931288704039555,
        -0.07391529870411706,
        -0.041364201136997764,
        0.0013320244683159843,
        0.02932819911411827,
        0.02307855030846974,
        0.022841380285838292,
        0.021391136532738095,
        0.018427995954241064
      ],
      "interior_crossing_intervals": [
        {
          "crossing_estimate_p": 0.22968802289911308,
          "left_index": 6,
          "left_p": 0.22,
          "right_index": 7,
          "right_p": 0.23
        }
      ],
      "interior_near_crossing_hit": true,
      "interior_near_crossing_windows": [
        {
          "index_max": 7,
          "index_min": 7,
          "p_max": 0.23,
          "p_min": 0.23,
          "reason": "abs_gap_within_pooled_ci95_interior",
          "representative_index": 7,
          "representative_p": 0.23
        }
      ],
      "interior_sign_flip_detected": true,
      "min_abs_delta_index": 7,
      "min_abs_delta_p": 0.23,
      "min_abs_delta_value": 0.0013320244683159843,
      "non_saturated_min_abs_delta_index": 7,
      "non_saturated_min_abs_delta_p": 0.23,
      "non_saturated_min_abs_delta_value": 0.0013320244683159843,
      "pair_label": "3-4",
      "pooled_ci95_curve": [
        0.04753730782495172,
        0.05075545602944833,
        0.05220046343073609,
        0.051900110907482276,
        0.04996712415331683,
        0.0454395036243617,
        0.03914806005290541,
        0.030386533835323613,
        0.024481164771908086,
        0.020924203615038862,
        0.013215280636489853,
        0.00916552877193485,
        0.008427297157090726
      ],
      "pooled_sem_at_min_abs": 0.015503333589450823,
      "pooled_sem_curve": [
        0.024253728482118226,
        0.02589564083135119,
        0.026632889505477597,
        0.026479648422184834,
        0.02549343069046777,
        0.023183420216511073,
        0.019973500026992556,
        0.015503333589450823,
        0.012490390189749024,
        0.010675614089305542,
        0.006742490120658089,
        0.004676290189762679,
        0.004299641406678942
      ],
      "raw_crossing_intervals": [
        {
          "crossing_estimate_p": 0.22968802289911308,
          "left_index": 6,
          "left_p": 0.22,
          "right_index": 7,
          "right_p": 0.23
        }
      ],
      "right_edge_delta": 0.018427995954241064,
      "right_edge_near_hit": false,
      "right_edge_pooled_ci95": 0.008427297157090726,
      "right_edge_pooled_sem": 0.004299641406678942,
      "right_edge_sign": 1,
      "secondary_proximity_hit": true,
      "sign_flip_detected": true,
      "sign_pattern": [
        -1,
        -1,
        -1,
        -1,
        -1,
        -1,
        -1,
        1,
        1,
        1,
        1,
        1,
        1
      ]
    },
    "delta_57": {
      "boundary_artifact_crossing_detected": false,
      "boundary_crossing_intervals": [],
      "crossing_intervals": [
        {
          "crossing_estimate_p": 0.21825148419642848,
          "left_index": 5,
          "left_p": 0.21,
          "right_index": 6,
          "right_p": 0.22
        },
        {
          "crossing_estimate_p": 0.23705256491425267,
          "left_index": 7,
          "left_p": 0.23,
          "right_index": 8,
          "right_p": 0.24
        },
        {
          "crossing_estimate_p": 0.2419622104413877,
          "left_index": 8,
          "left_p": 0.24,
          "right_index": 9,
          "right_p": 0.25
        }
      ],
      "crossing_location_classification": "inside_or_touching_window",
      "delta_curve": [
        -0.11194704328264504,
        -0.1525761292472717,
        -0.13108192807152153,
        -0.06580697680276537,
        -0.07062652103484635,
        -0.03895616077241443,
        0.008254934643942224,
        0.0172969030955481,
        -0.007228788345579107,
        0.029611237541077626,
        0.020040971059647805,
        0.014045066227988592,
        0.015317879328652036
      ],
      "interior_crossing_intervals": [
        {
          "crossing_estimate_p": 0.21825148419642848,
          "left_index": 5,
          "left_p": 0.21,
          "right_index": 6,
          "right_p": 0.22
        },
        {
          "crossing_estimate_p": 0.23705256491425267,
          "left_index": 7,
          "left_p": 0.23,
          "right_index": 8,
          "right_p": 0.24
        },
        {
          "crossing_estimate_p": 0.2419622104413877,
          "left_index": 8,
          "left_p": 0.24,
          "right_index": 9,
          "right_p": 0.25
        }
      ],
      "interior_near_crossing_hit": true,
      "interior_near_crossing_windows": [
        {
          "index_max": 8,
          "index_min": 5,
          "p_max": 0.24,
          "p_min": 0.21,
          "reason": "abs_gap_within_pooled_ci95_interior",
          "representative_index": 8,
          "representative_p": 0.24
        }
      ],
      "interior_sign_flip_detected": true,
      "min_abs_delta_index": 8,
      "min_abs_delta_p": 0.24,
      "min_abs_delta_value": -0.007228788345579107,
      "non_saturated_min_abs_delta_index": 8,
      "non_saturated_min_abs_delta_p": 0.24,
      "non_saturated_min_abs_delta_value": -0.007228788345579107,
      "pair_label": "4-5",
      "pooled_ci95_curve": [
        0.03538657699535048,
        0.04282622004169771,
        0.05009059170976702,
        0.05489083730531623,
        0.05275389938121112,
        0.05091829901393586,
        0.04191811292422516,
        0.030245558668969,
        0.026116426953771147,
        0.017123463677795644,
        0.01074957502317243,
        0.007029991258651585,
        0.00598811108063307
      ],
      "pooled_sem_at_min_abs": 0.013324707629475076,